UID,用户名（共有1279位）,关注日期,签名
45444,长期素食ノ阿弥诺ス,2024-05-28 12:13:40,
461106,小风月,2024-05-20 00:48:47,
559966,逝去东方,2024-08-25 17:25:13,
840799,石斑鱼本鱼,2024-06-19 00:43:29,睡觉学与摆烂学研究型学者
1321420,废怯少女Magika,2024-02-27 19:54:41,
1585809,酸浆果果果,2024-07-19 07:27:08,
1588643,MAK0T0_1048596,2024-04-27 14:50:46,这个人不懒 但是什么都没有留下
2077487,pangli,2024-02-24 00:53:52,
2240240,老邪橙,2024-08-30 00:44:36,90后老人一只
2272960,不想告诉你,2024-06-17 17:50:03,
2835189,佐久間竜二,2024-08-03 17:05:56,
3042343,Ulyanov,2024-03-04 23:32:14,苏卡布列
3479963,韩流,2024-06-08 05:44:23,
3886133,燃烧的猫尾巴,2024-06-14 17:27:15,
5396885,LyndonKM,2024-08-20 01:07:44,
7911596,萌萌哒丶黄瓜,2024-08-18 00:19:28,
9960162,胖子wq,2024-03-15 23:38:56,
10311609,哔哩哔哩哔°,2024-03-19 01:08:17,
10620838,小鸡怒怼塔,2024-02-20 01:26:05,
12110238,TsurumiRan_寒霜,2024-07-28 15:04:23,兴趣使然
13724400,ZIZI1990,2024-06-29 10:45:04,
14343665,冰冰的可乐乐,2024-08-09 00:25:42,
14811451,crackheadng,2024-03-09 23:42:44,
15054514,克瓦斯基本尊,2024-07-18 16:53:35,溡洸蓅迣縂洧羙恏哋冋忆
15450480,雨後の邂逅,2024-07-27 04:24:11,
16027350,yzhoubruce,2024-03-18 18:21:28,wx：yzhou_bruce 佛系更新
16431347,chantchoux,2024-06-16 08:11:38,
17665381,phill宇,2024-04-07 09:55:38,
18327280,大明佛珠,2024-03-13 20:58:41,深山里的名贵硬木
18456802,火星人ET,2024-06-04 12:05:50,
18668759,十八线行草,2024-03-04 13:25:38,这里啥也没有
19481080,大姐頭233,2024-03-19 21:38:35,排泄物在太阳下风干，变成粉尘，随着十二月凉爽而幸福的微风，被所有人带着圣诞节的喜庆吸入体内。
19650267,李戛多,2024-02-22 19:20:36,
20413451,BINBINEVERGLOW,2024-04-11 19:44:47,
21576519,枫叶丶语,2024-03-18 14:42:39,
21729758,akahello,2024-02-26 19:09:21,
22131605,是小飞云啦,2024-07-03 11:17:19,骨骼清奇
23344109,克雷电,2024-07-08 08:53:20,はい!
26117335,强大的外表弱小的内心,2024-07-26 22:46:30,
27721552,XENOPH,2024-02-18 18:19:52,
28803862,国产土豆丝,2024-08-19 07:01:15,真正的大师永远怀着一颗学徒的心
29363317,洛连特,2024-06-24 14:55:42,
31093905,蒜毫丶,2024-06-06 07:45:51,
31377992,毁人不倦v,2024-06-23 09:16:15,
32414736,Vanilla_Concrete,2024-06-23 21:39:26,
32881739,金珉妮～,2024-03-03 00:03:22,
33217544,青松1080P,2024-08-29 14:09:00,爱拼才会赢
33415745,啊啊喔aaa,2024-02-28 12:31:02,须知少时凌云志，曾许人间第一流!
33883653,八百斤寿桃,2024-03-22 15:19:17,
34366474,虚空典狱长,2024-02-16 08:48:08,为了部落
34686780,PfcDoss,2024-07-21 01:55:06,
35939456,鸣哥666,2024-02-19 22:01:51,
36744502,生于蔚蓝,2024-07-18 17:57:33,风起云涌的时候，还是会想你
37874544,一升白兰地,2024-03-13 20:12:44,
39648122,亘古轮回Colby,2024-07-10 21:56:07,2 0 5 3 / 0 8 2 3 / 2 9 7 0 / 2 7 9 9 / 5 0 4 2 /
40234890,勿望君之名,2024-02-14 14:55:50,
43595478,CohlerJJ,2024-03-29 00:07:21,너때문에 제가이노래를기억할거예요❤️
47158399,wangqiang997,2024-03-03 20:30:32,
49622903,星空那头,2024-03-24 22:13:07,
50280710,小朱设计,2024-07-01 23:08:15,一个文艺范的室内设计师~~
51483405,rg4hr,2024-02-21 19:05:48,
52120175,天生的蠢才,2024-02-28 10:18:20,
52932979,7wangxingxing7,2024-03-15 16:14:28,重庆本土文化爱好者 重庆方言推广者 山城重庆美，流的两江水 心中五个字，最爱重庆市
57289938,不要大卫杜夫2000,2024-04-06 17:19:45,
58417508,cjy913,2024-05-18 23:20:16,
59459140,i渐落眉心画灕莜,2024-04-01 19:41:16,本命：刘珂矣 初心：赵烨 微博：i渐落眉心画漓莜 想保存的自行收藏 本人未授权其他平台 请上传的自动下线 禁止私信求源文件 感谢支持
60026244,雨青清,2024-03-05 20:51:09,
66028044,无心伤害刘,2024-06-01 15:11:21,匆匆过客一枚！
67272722,规矩论,2024-02-18 16:57:40,
72633772,是花自然香1,2024-03-14 00:17:12,吾生也有涯，而学也无涯
75510619,MU酱喵,2024-08-12 19:11:43,喵早安
76772965,天方夜谭卩井比,2024-07-29 04:50:52,人生一起重来算了
76986843,-BBBaron,2024-07-20 21:21:31,
77534935,小跪人,2024-02-19 21:59:42,
79647344,dprswtg,2024-07-18 07:28:01,
83476767,28赫兹,2024-08-03 21:59:12,音乐研究者，低音区就是我的爆发领域
83919756,unsatund,2024-05-03 00:18:38,
89553484,大鲢鱼嘻嘻小勺勺,2024-02-22 16:44:49,
93913680,nefilibeta,2024-03-04 01:41:21,
99284149,皮皮囍,2024-03-12 01:21:16,
103048356,AUV巴黎ber甜,2024-07-22 18:30:31,
103278361,hunterdestiny,2024-03-02 20:27:59,
103411467,印度电影受不了,2024-04-12 16:27:01,
107694554,浮生若梦殇芯,2024-04-12 16:14:20,
108820933,Zeal14,2024-08-06 20:34:21,
109284479,zz73831,2024-03-22 07:25:51,
110206847,九球杆,2024-08-25 22:08:56,
111048332,性空山181,2024-07-03 01:46:58,
112351151,春风弹动半天霞,2024-03-13 00:06:02,
114491058,zdczzzzc,2024-03-01 06:25:50,
122056091,trister5,2024-03-13 20:33:50,关注我
123629446,猛拿力杀不微笑,2024-06-19 17:38:10,
128774036,只想起个好名1,2024-08-11 05:56:54,
129955827,----Owen----,2024-02-27 14:06:07,
132264801,I_Drone,2024-06-06 00:43:33,我是对的，你是错的
144606877,King焚影,2024-06-16 20:14:48,
151471401,名人就是个人名,2024-08-03 22:10:25,明人不放暗屁
158304530,蓝图一角LT,2024-07-29 01:20:32,常倾尽 长思忆
162611558,JohnFar,2024-03-11 15:14:42,yoseya厉害
162827738,爱吃百香guo,2024-03-18 07:15:54,学习
169467453,启程不是寻找,2024-03-22 10:41:05,
170789838,打铁框框响,2024-03-02 18:04:30,非酋本酋
171871354,梦去空来,2024-03-03 21:01:09,谁先认真谁就输了
172504860,一脸仁义道德,2024-08-14 13:52:33,
173445364,月下无极限,2024-04-29 08:47:12,
178492569,浪浪的美人,2024-07-05 16:08:10,
179270469,小蓝喵儿,2024-08-08 14:49:07,
179401188,狗头好好看,2024-04-07 00:04:34,
179467329,starx1006,2024-05-07 13:52:09,
180991559,人杰地灵灵,2024-03-10 00:10:33,
185847037,极速回旋,2024-03-19 12:11:27,
186853649,宇宙第一妖姬,2024-03-01 15:30:00,
187872162,朹迟yo,2024-02-29 16:52:06,
193476539,666688688886,2024-03-18 13:30:18,
196189593,杉山紀彰Nori,2024-06-17 22:48:41,
199728482,呵呵呵俱乐部,2024-02-28 16:00:39,
205248355,欧洲萌新小海豹,2024-08-28 09:01:11,
210757163,网友-陈怀安,2024-03-15 16:08:41,
212640596,最强鲁班,2024-06-25 23:06:18,
214649675,阿君阿君BILBIL,2024-02-24 14:02:14,
220195468,翼空空kong,2024-03-03 00:02:01,
222899881,willamin,2024-08-12 07:52:52,
227404050,陶比特1号,2024-08-31 21:59:23,
232371883,叶仲贤,2024-03-11 13:28:39,
234449032,徐州短家,2024-09-03 23:51:39,00后游资。记录实盘，分享干货。
238618737,小马哥127,2024-05-09 01:49:27,
239684419,隔壁村金克丝,2024-08-04 02:29:44,但愿人长久
242200343,申花大燃哥,2024-06-15 18:53:39,
243005509,Lewwwwwis,2024-03-18 15:27:04,
249120094,Top丶若飞,2024-06-01 18:37:17,
249886016,yaya110420,2024-07-23 09:56:30,
254031488,lzl19050,2024-03-16 11:10:08,
256744761,znhyoao,2024-04-09 13:25:20,
261599922,凤凰V歌德克,2024-03-22 17:20:22,
266008817,dgdhs,2024-07-22 14:49:57,
267272021,CV999r,2024-03-16 06:17:05,
269833678,霏雪覆梅山,2024-06-26 22:05:17,朝闻道，夕睡觉
270837857,琉璃碧盏,2024-06-15 01:21:45,
271945445,愿世人放下浮躁,2024-04-03 17:16:10,没啥好说的.
273104007,放开我的02,2024-02-25 13:27:58,从现在开始，你就是我的darling!!!!!
274791215,農村小秦,2024-07-23 00:05:08,나중에 만나도 돼요 당신이 내 인생의 나머지가 되길 바래요!
278089673,floristt,2024-04-27 09:46:56,
278473847,fw情情,2024-03-06 18:10:24,
279711665,无双大蛇丸子,2024-03-05 01:19:21,
280157827,ednj282,2024-07-09 00:11:50,
280805233,地地道道弟弟逗逗,2024-08-25 22:59:30,
284482364,剑芒星,2024-03-14 17:33:10,
284998282,晴空XE,2024-02-25 16:19:59,
286217458,澎湖巡检司_,2024-02-16 23:08:17,无
286521778,瑞老昆,2024-03-03 20:11:00,
287142927,大汉刘玄德,2024-08-04 09:35:49,
287556650,哈蛤铪は,2024-03-10 04:27:23,
287768498,嗨嗨_hai,2024-07-16 01:21:23,旅游、运动、跑步、饮食、日常分享
290485836,中国的朋友胡适之,2024-03-20 08:39:22,为什么我变成了这样？你见多了刁民你也这样
290830331,bili_290830331,2024-07-24 23:22:17,
292056739,我的数学老师是柯西,2024-09-06 01:13:03,
293689589,点击减肥好久,2024-02-22 22:35:20,
293755974,sosaingrindmo,2024-07-25 10:21:15,when I go to sl33p I dream about murd333r
294809476,文艺范Beijing,2024-08-17 13:06:49,面壁者
295405020,大刘1234,2024-03-03 21:48:18,
298706528,a上官星,2024-08-29 11:48:19,
300330781,顾礼辞,2024-03-18 17:30:04,
301381724,-SAKURA__1,2024-07-19 12:16:52,
301435983,熊浩浩浩浩浩,2024-03-19 01:49:11,
307761395,木风文少,2024-05-07 17:08:53,
309898591,zcpc111,2024-06-12 16:18:19,
313688155,一只小葱包,2024-03-02 18:32:12,别来
313819527,花落思梁锉,2024-07-21 01:35:25,
316423513,暴怒矮子,2024-06-04 19:48:14,
316540619,火炎焱燚魍魉魑魅,2024-06-07 23:39:22,
316652304,鱼丸豆腐随便吃_,2024-04-12 15:13:20,
319496961,雌牛育器恐怖如斯,2024-08-10 22:41:58,大多数人的孤独，是世界导致的通病。
321054494,屿颐哈哈哈哈,2024-06-15 17:04:35,
323300780,祜灶头,2024-04-07 07:22:58,
324236694,无敌伟哥666,2024-07-23 20:45:50,
325326307,酸布溜秋,2024-08-16 11:31:30,不是懒，是个性！
325412986,何以解忧唯有绿洲,2024-04-28 11:01:13,
325884344,杨丞琳6655,2024-07-24 12:42:19,
326146974,静弈围棋,2024-08-10 22:32:20,
326338086,gloriajack2005,2024-03-09 23:11:49,
327372356,嘻嘻嘻chenchen,2024-04-13 15:53:24,
327510056,义乌人ax,2024-02-27 14:37:36,
327556773,幻君昭梦幽,2024-08-09 09:20:34,
328177874,赐我花间一壶9,2024-02-16 08:40:30,
329724293,恰点鱼,2024-08-04 06:17:59,
330002576,95219965725_bili,2024-08-13 03:07:11,
332762770,逸逸小可爱么么,2024-08-09 14:49:47,小可爱
333256823,向前看向厚赚硬道理,2024-07-30 11:46:18,目标已定，有进无退
335488594,灬唐尸三摆手,2024-02-29 11:24:23,
337758387,xymcygg,2024-02-26 22:37:43,
339022572,青行灯198305,2024-04-11 15:47:06,这里是小灯，混更选手一枚。半个夜猫子。合金弹头系列怀旧游戏爱好者，半退坑。目前在后室迷路了~~
340257467,MrBabosa,2024-08-31 12:40:47,
340549330,豆腐加筷子,2024-03-17 16:56:26,
340965024,Wuxino1cool,2024-07-21 02:58:48,
341863363,草莓i莓莓,2024-07-16 23:39:00,
342195747,私は君の笑颜,2024-04-13 15:13:05,。。。。 
346065161,雪后初晴的温暖,2024-03-22 00:52:15,
346585950,soszoo,2024-02-28 13:46:55,
346694321,黄大神人123,2024-07-17 12:44:09,不与语人无一二 
346989215,29544162450_bili,2024-09-02 18:32:45,
349142437,NayRenee,2024-03-03 20:19:38,在小站看世界
349230873,superallen0514,2024-08-02 08:36:19,
350603142,24998924655_bili,2024-06-03 03:26:51,
350656825,猪傻傻23,2024-02-27 17:39:48,
351621464,我喜欢看美女抽烟,2024-08-12 16:37:27,
351648809,天劍洛神月,2024-07-24 20:26:59,
352615316,林好軒lizzike,2024-07-30 02:55:28, Justingatlin17
354416593,刘无敌大霸王,2024-02-27 19:05:06,
354522290,风吹裤衩pp-凉,2024-07-02 15:34:34,
356311722,xueyushenlang1,2024-02-29 00:51:50,
356416183,清清喜欢喝豆奶,2024-02-29 21:04:49,古剑 逆水寒双端资深玩家 端游打联赛私信 神相 鸿音 素问  ui 产品设计代做
356932561,混分厨王初旬lolm,2024-06-17 13:15:08,国服螃蟹 每天不定时直播两小时，hy30206713
359983427,阿伦Allen314,2024-03-13 15:40:51,
360714813,wlgqya,2024-04-30 21:58:54,
360824350,宫boogie盯,2024-03-04 02:03:08,
361150476,sentimental莫语,2024-04-11 07:59:58,
361796438,婷婷-婷-婷,2024-03-26 12:05:17,
362930081,浪迹江湖人,2024-02-17 16:05:53,
363161906,再世惊云,2024-02-28 08:43:46,
364355080,专治太平杀手,2024-04-11 14:29:35,
367374614,93349773432_bili,2024-03-14 00:14:33,
369064939,希望明天ing,2024-07-22 16:47:19,
372160490,二十年詹黄球迷,2024-03-13 01:08:59,
372189826,开辟扣扣,2024-08-13 11:03:10,
372721942,38973328262_bili,2024-02-28 23:22:13,
374239081,Jason偉,2024-02-27 20:20:51,
375122579,阳春先生,2024-02-20 23:05:13,
375519485,灬不念过往灬,2024-04-27 23:39:35,
381402190,绝世的容颜one,2024-06-23 13:21:27,
381826310,看一下它,2024-06-04 08:15:49,很好
382861462,alsusa,2024-02-19 23:34:16,
383640938,吉吉mrwang,2024-04-08 15:02:01,
383910096,Cc美着呢,2024-03-17 12:11:12,
384858483,81595810950_bili,2024-09-05 01:08:15,
385037196,是宇智波赵四呀,2024-04-26 09:45:52,
385333707,千灯湖上行丶,2024-07-19 21:35:18,
385992703,御史大夫达瓦里式,2024-08-04 22:51:31,
386154525,53309654756_bili,2024-02-17 10:04:06,
386594046,呜呜12222,2024-07-18 00:58:26,
387115662,煲仔小肥羊T_,2024-04-11 12:46:27,花有重开日，人无再少年
387183483,32983799402_bili,2024-08-29 08:42:58,.
387820549,是小宝吖_,2024-03-03 21:41:45,装x我让你飞起来
387929610,任弘毅yy,2024-02-28 00:18:56,
388216518,和善的小雅,2024-02-25 23:43:23,
388598336,yz12358552,2024-03-20 20:24:12,
388961550,跑跑ppp,2024-06-05 08:12:31,
389447669,wny1224,2024-03-27 12:18:24,
389493721,岁月磨平了桌角,2024-08-20 22:15:21,ㄔㄐㄐ，ㄐㄐ好ㄔ
389887063,胶界砸琴人,2024-02-17 17:08:23,弹钢琴的……胶佬
391103692,58959100871_bili,2024-02-29 08:14:42,
392894007,77825729790_bili,2024-09-04 07:39:05,
393460359,74424630364_bili,2024-07-22 18:17:48,
393524153,25288877633_bili,2024-03-14 00:40:50,
394316069,小球迷gy,2024-02-26 18:10:27,
397238577,49750293926_bili,2024-02-23 14:53:10,
397562059,杜阿鵝,2024-07-20 09:56:51,嗨嗨 
398285346,灵魂之魄,2024-05-31 17:44:56,
398392617,呵了个小呵,2024-07-02 21:35:23,.
398426069,星星批发,2024-02-29 16:51:45,一个偶尔捡垃圾的垃圾佬 捡的垃圾有想要的可以私聊up
398471725,蹲在廁所逗蛆,2024-02-27 12:49:23,
398475820,晋文公的双耳,2024-04-01 23:47:28,
399230503,KimiMagnussen,2024-03-23 23:42:53,大家好
399330589,我不叫墨归,2024-08-07 14:09:58,
399989747,34543860394_bili,2024-06-29 15:15:51,
400078541,许原象,2024-08-03 20:01:51,
400477468,你奶奶跳广场舞没C位,2024-08-29 22:32:38,
400881588,哭干,2024-07-18 13:19:30,艾科技 
401062433,黑鹿八,2024-05-26 11:46:26,更新原神和外卖的日常趣事，你们这么可爱，一定点关注了吧  qq群180719049
401090695,miseryss,2024-03-15 09:46:24,
401115045,TRI_X,2024-06-29 15:15:26,
401157546,71089471074_bili,2024-07-29 13:07:11,
401343497,别动我的蛇7,2024-07-31 21:54:29,
401442336,guaguaguagua呱,2024-03-02 16:34:01,
401759542,爱吃蟹的汪汪,2024-05-03 18:34:45,
402423952,丨杏花烟雨江南丨,2024-07-21 04:46:18,
403383640,噶伐,2024-04-27 19:21:36,
403555579,13231005638_bili,2024-04-04 23:32:02,
403952296,烈火战车qxy,2024-07-17 15:06:28,大家好，本人喜欢听相声，会为大家长期直播相声段子，喜欢主播的给主播点一点关注，点关注，不迷路，主播带你上高速
404327194,軍統老六鄭耀先,2024-04-06 03:59:01,
405797281,88022709630_bili,2024-06-08 14:01:36,
405850965,我我我不要z,2024-03-18 12:08:45,
407493700,胡凯旋_凯菇,2024-07-21 17:08:31,生如逆旅，死即小别。长忆相聚时，勿悲伤，不怨恨，珍重，再珍重
409245035,翘楚阁阁主,2024-02-28 23:58:14,吾有良略在怀，必为粉丝所需
410444149,alia14,2024-08-20 00:49:44,
411697408,名字不重要wdnmd,2024-07-28 19:59:11,
412541760,18263191324_bili,2024-03-29 15:04:11,
413819899,益智麦麦鱼,2024-09-05 01:19:39,
415514359,子宸寰宇,2024-02-29 01:13:31,嘻喽喽喽喽喽 
417135306,森sir--,2024-03-11 22:48:46,
417529055,星回杏月,2024-07-17 19:14:41,
420382678,乔振川,2024-08-12 09:55:02,
424105896,58822039936_bili,2024-07-03 22:27:40,
424248216,AFU阿富,2024-07-23 06:27:36,
424403002,联赛季,2024-08-11 22:16:19,
424404315,Oshis,2024-02-28 01:57:24,吃瓜的
425183632,Dr丶SY,2024-07-07 07:48:40,
426185958,70406715003_bili,2024-02-15 21:17:05,
429973606,22487368952_bili,2024-06-27 16:45:35,
431682480,纯粹的徐某某_,2024-08-08 18:55:55,我想忘掉所经历的一切，慢慢的变得成熟。
432917095,幻想不再卑微,2024-08-14 19:33:23,承认自己的无知，乃是开启智慧的大门
433186901,爱冰冰的Meowsauce,2024-08-23 07:08:06,爱冰冰
433598448,今天有爱王老板吗,2024-08-15 21:27:20,
434012948,studierend,2024-08-05 01:07:27,Sprich nicht mit Dummköpfen
434281121,wsvyu1003,2024-03-20 08:08:42,
435700984,尤文小将,2024-02-28 17:56:15,
436497543,jxjaclb,2024-05-04 00:50:20,
436583908,61503050238_bili,2024-08-20 22:37:55,
437430549,飞哥小豆,2024-07-18 13:34:19,
437631937,从零开始rbx,2024-03-31 22:00:07,
437632394,68884711234_bili,2024-04-25 09:26:31,
437864899,将爹白胡子,2024-07-30 01:46:22,
440541773,bili_93195175977,2024-02-21 16:58:16,
440950291,你bbe,2024-08-22 01:53:40,
441203423,windinwood,2024-08-11 11:06:24,
441397781,bili_68605249249,2024-06-28 23:24:22,
441938726,仙芋奈,2024-07-23 23:57:49,有些话藏在心里就好了
442022359,小趴婇Zz,2024-09-05 12:23:16,不定期更新女团，喜欢关注up哦
442593947,世界因他颠倒,2024-07-29 16:27:46,
445318397,盛夏MidSR,2024-06-29 08:31:16,Hello大家好，我是盛夏
446406972,棉仔馒头,2024-04-08 14:05:17,
447423295,炸damndamn妹,2024-02-24 21:22:03,亻尔 女 子
447740189,在雨之时,2024-02-19 15:44:17,
451809534,bili_99941978541,2024-03-22 17:53:25,
453443609,泛水荷糖,2024-07-25 13:53:38,
454185974,霖哥理科冲,2024-09-01 09:48:26,
454793209,mm米希,2024-03-03 11:36:02,
454897376,无柏林之后,2024-02-20 12:34:50,
454947798,达少dhbd,2024-04-14 23:45:02,
455712802,团tutuan,2024-03-15 00:18:04,
455756764,allen8899123,2024-05-20 21:25:08,
455929746,大华哥的小祖宗Kristen,2024-07-28 16:55:01,
470540598,红旗阿穆尔河区舰队,2024-08-21 23:25:21,阿穆尔的小号
470612400,红红火火恍恍惚惚胡虎,2024-08-01 11:03:56,
471210030,没得名字噢,2024-03-05 00:08:34,
471757589,bili_49473865332,2024-06-09 05:43:24,
473406077,一好困,2024-08-06 13:53:58,
473693038,nuoya2004,2024-07-23 12:58:09,
474418890,第一使徒大师,2024-03-14 16:13:16,
474516678,非凡的飞翔,2024-03-31 07:27:22,
474775732,bili_92946272562,2024-08-02 02:40:55,
474981014,气矿况,2024-04-11 13:10:46,
476245806,16夜清心,2024-08-28 20:52:03,
477077816,我是哈利波特,2024-08-09 16:06:09,欧青辣少
477209871,嗯-__--,2024-07-17 23:55:02,
477210743,赛博钓鱼萌新,2024-04-11 00:45:10,。。。
478269648,bili_73373739245,2024-07-16 16:12:04,
478906628,郭人土土,2024-04-27 16:44:50,
479026742,HAMcircle,2024-03-02 16:03:35,BH3EYL
479203561,宇通E10-666,2024-03-02 02:47:50,
479242226,芙卡洛斯丶芙宁娜,2024-02-21 21:40:12,
479587701,CrYct,2024-07-18 23:45:25,
479764534,慕羽洛墨,2024-07-26 07:12:11,
479948941,像我你无需自卑,2024-02-24 13:23:35,
481368343,bili_66175320595,2024-03-30 19:58:05,
482306218,寻梦虎峪河,2024-04-06 05:19:29,野芳发而幽香，佳木秀而繁阴。生化环材从业者，历史地理爱好者。
482712858,JRoderiguez,2024-02-19 10:19:35,
483361819,砍头只当风吹帽,2024-08-26 13:02:59,神清气爽
483665249,马格南警官,2024-03-31 10:51:21,
484076303,昵称被清除辣,2024-07-19 20:59:41,
485356587,bili_21010948141,2024-03-02 20:27:36,
487051487,兔兔宝宝88,2024-02-19 22:30:28,
487283678,pinkgoldfish,2024-07-22 19:13:37,
487548732,bili_40815835601,2024-04-02 19:48:06,
488376028,啊啊啊嗯嗯嗯啊嗯,2024-05-11 00:46:42,
488465718,lxyzzp666,2024-03-01 13:31:30,
488487780,mya基酸,2024-03-02 20:55:26,
488796675,bili_63399831180,2024-09-07 00:37:07,
489725440,葡萄籽味的葡萄干,2024-08-09 11:39:53,
489775336,德莱文的小斧子OVO,2024-03-26 09:11:41,
490282283,允墨君_,2024-07-11 00:23:45,
491290412,黛浅荔薄妆,2024-03-12 18:56:10,
491652868,广媒相对论,2024-08-01 11:58:40,广播电视学专业学生实践分享平台
494223091,bili_64228037142,2024-04-02 08:03:30,
494791223,bili_42377728457,2024-02-16 02:54:58,
494846305,利物浦不错哦,2024-06-04 00:10:03,
495055938,紫紫胡北京时间啥,2024-03-09 01:14:48,鹅鹅鹅，曲项向天歌。白毛浮绿水，红掌拨清波。
495980447,逆战刀战内裤,2024-03-20 04:11:04,逆战内测公测骨灰级活化石曾登临刀榜绝巅！专注于各种近战的专研教程 ，168红包本人语音亲自指导 绝对没有保留！本人V xyshenovo 
496064100,ZIHHM,2024-08-19 00:58:34,
496128689,子秋那月,2024-07-18 23:33:53,
496682948,bili_79875579790,2024-03-20 16:34:47,
496706654,bili_71050767195,2024-08-09 19:05:10,
497128413,田木abc,2024-04-22 21:08:41,自己介绍一下吧
497498189,0408liu,2024-08-08 17:48:23,
497956848,凌只是一个名称而已_,2024-08-22 01:19:54,
498497090,bili_67229318573,2024-06-14 20:57:29,
498737532,一只小象胖墩墩,2024-03-29 01:45:17,
499030796,bili_79699571207,2024-03-04 00:20:01,
499422584,超级斐济北仙人,2024-08-20 23:54:37,
499837654,Cinuta,2024-08-28 11:00:44,
500684025,一生一世0513,2024-03-13 21:51:56,조선족 喜欢韩国트로트歌曲 男团博爱粉，女团唯爱여자친구和러블리즈 
501082580,bili_501082580,2024-07-15 01:24:24,
502654159,bili_93243745851,2024-02-18 13:32:30,
503044865,战无妨,2024-03-01 23:57:19,
503243250,bili_30080092932,2024-08-03 11:28:17,
504470321,X宇轩X,2024-07-23 20:22:38,
504743476,迪迪-_,2024-06-12 23:19:11,
504770430,延祐月影,2024-02-21 23:04:17,
505798133,lufei886,2024-06-17 13:21:02,
506063474,bili_32640189532,2024-08-29 21:18:35,
507153603,bili_12553664703,2024-03-06 17:07:40,
513223949,当晚风吹进萌鱼心里,2024-09-04 18:19:13,这个账号以后只会发布音游视频和开音游直播，偶尔累了，还会直播一些些别的游戏，看官老爷有钱捧钱场，没钱点个赞吧，关注也行啊
514095267,PlayerJeb-檸檬茶,2024-03-28 23:31:38,一个油管和哔哩哔哩的学生党up，主修ksp wows 彩六
515206436,XCO0016,2024-05-25 21:44:32,我不是机器人
515377138,夜影依旧,2024-09-03 17:11:30,
517168479,我觉得你说的非常对,2024-02-23 18:18:54,
517285077,今天也是困极了呢,2024-08-11 02:14:28,
517524918,脑都爆埋,2024-02-17 23:26:23,
518067802,北京高考数学JL老师,2024-03-13 14:38:01,北京高考数学第二人，也许是北京第二懂高考的数学老师。
519989013,bili_40834259243,2024-08-13 21:35:48,
520451695,亭上落夜星,2024-03-17 13:28:20,
520751864,茶馆儿er,2024-03-10 14:34:09,详情见置顶 评论区有人捣乱就关了
521155970,速速灼灼,2024-08-09 18:58:12,疏影横斜水清浅，暗香浮动月黄昏
524267969,小星星艾i,2024-03-29 17:10:55,
524604565,kd拽神,2024-04-09 23:33:04,
524898448,令同学_,2024-07-18 21:32:55,
526258403,洛不氪不亡国,2024-08-31 16:06:24,
527044275,历史作业要写完,2024-02-29 22:54:14,
527604729,bili_54031485025,2024-07-16 02:45:06,
527647924,jokerxuez薛之谦,2024-07-10 16:52:35,
529047876,康哥哥打怪兽,2024-04-10 08:16:26,吃饭睡觉打怪兽！小黄鱼ID康哥哥好坏
531278894,最佳师叔祖,2024-08-03 19:04:54,从今天起远离人群，做一只狡猾的狐狸
534050684,埃里克林比,2024-02-22 10:38:22,
535885828,愿小吉天天开心,2024-05-30 02:52:50,
539881090,Dr_MoMoo,2024-08-27 06:59:50,
541767219,心無旁骛独自清,2024-04-11 21:56:46,
543310862,泽泽的小泽泽,2024-09-07 01:16:34,
543785711,传说中的土凡哥,2024-03-03 22:50:11,
544018520,bili_88768186399,2024-02-29 01:16:35,
544533593,挣扎的鱼腩QwQ,2024-04-09 13:21:18,
547338167,衰变药水,2024-02-23 20:21:03,
550479535,bili_65005352146,2024-05-14 15:53:59,
550975435,霰飒,2024-03-18 19:02:30,
556934698,科学时空来电,2024-02-15 08:04:07,
581287921,大哥崩,2024-08-26 23:16:09,追逐美好生活
582246680,孤云岭,2024-08-31 12:10:56,
586851520,养生达人66,2024-04-25 00:59:35,
589468586,广东黑超哥,2024-02-25 12:02:07,一个有趣、有态度的灵魂
591131304,甜甜的恋爱咪,2024-05-04 09:48:56,
593578092,旺仔初中生,2024-04-05 14:02:09,
593727645,茶茶丘,2024-08-17 07:33:00,
594676261,小龙在咬人,2024-07-28 12:27:02,
596369730,激波6666,2024-06-14 12:09:16,
597820147,追逐光明的幽灵,2024-07-12 00:22:57,
598272953,bili_22941895490,2024-04-15 23:40:50,
601456898,One小怀抱,2024-02-22 15:41:28,
602254501,茗茗如歌,2024-03-22 23:35:22,
602918134,bili_27360152612,2024-07-04 21:11:05,
605382764,太阳吉星,2024-03-03 03:02:26,
605808354,饮冰-十年,2024-03-21 10:48:14,
605891574,社会最吊大雄,2024-08-07 02:33:51,
608272505,bili_40193115315,2024-02-28 13:45:04,
608316060,单逸朗,2024-04-08 18:10:01,
612414655,极限盘飞,2024-02-24 19:58:24,鸟  鸟  鸟  鸟
612425210,傻白甜和白富美,2024-04-14 09:45:30,旅游，交友
613631504,bili_45245978632,2024-03-01 22:51:20,
614207827,我要壁纸111,2024-07-16 09:01:53,
615361715,侯雨轩的阿哔,2024-02-23 22:56:26,
615786678,追风少年cpc,2024-03-13 15:39:40,
618295210,gggggggTheway,2024-03-31 17:39:43,
619192924,随手滑过,2024-06-05 15:55:33,随他去吧
624050259,bili_79159463902,2024-03-18 20:59:25,
625129180,老兵肯特,2024-03-04 15:05:44,
627238445,bili_11992908028,2024-05-04 04:05:03,
628804900,哥别逗我,2024-07-25 18:27:06,
629894863,bili_27002939146,2024-08-10 16:56:27,
630506515,bili_26293620136,2024-07-15 21:44:46,
630843096,bili_74632165248,2024-02-23 15:40:32,
630939101,54答辩,2024-08-11 16:21:37,
630986965,bili_69859451283,2024-03-15 14:04:55,
631207296,鹿远啊,2024-03-07 09:35:35,
631668846,bili_55318359288,2024-04-06 07:35:30,
637025334,LDWD-,2024-02-25 00:00:24,
646174870,bili_54601705779,2024-07-17 00:30:56,
646405602,bili_64168637147,2024-08-30 06:30:08,
646667559,XuJinblbl,2024-08-30 23:41:44,
647542178,celticstatum,2024-03-14 01:37:20,
647783832,bili_10517678210,2024-04-08 02:44:07,
648561155,bili_53186239759,2024-08-19 22:30:42,
650325233,敢梦方可敢征,2024-08-13 16:47:11,目前在法国留学，随缘半夜直播，不定期更新三国杀相关内容
650349540,泡泡糖起飞,2024-04-10 23:53:33,
650463246,Lzzahd,2024-07-20 15:35:32,
650811036,余生此去经年,2024-02-23 23:30:03,美好的风景就在我们身边。
651956832,房北的流浪狗,2024-03-10 10:15:48,Eason is me！
660011693,较字,2024-06-03 20:10:05,
661038743,bili_48917030869,2024-04-05 21:58:28,
661199969,bili_74660439724,2024-07-16 07:28:25,
661807904,bili_67081110563,2024-02-23 20:41:53,
662162887,天成家的小猪,2024-08-07 12:41:49,
667330453,bili_85762834325,2024-03-02 23:26:38,
667802420,ufhabhhj6,2024-03-12 18:51:58,
668185934,bili_41386789615,2024-05-02 18:00:45,
668454481,小白纸571,2024-04-05 00:45:59,
669248524,skdjdjdjdjl,2024-07-16 13:32:03,
669277906,祺祺只会守家,2024-03-04 03:19:44,
671345653,bili_68987573114,2024-07-24 14:23:26,
671369565,我的母亲很伟大,2024-06-29 17:15:08,
671370874,正义的使者1123,2024-03-06 12:32:51,
672644234,bili_23570126817,2024-04-12 00:20:19,
673510497,同桌子里面有个,2024-03-02 18:44:29,
673979983,bili_83629720929,2024-02-21 13:53:16,
674185497,Aangrybird,2024-05-07 15:22:23,
676494493,嘤嘤嘤溜了溜了,2024-07-18 15:20:10,
677991960,bili_81344585902,2024-08-09 19:15:23,
681035386,无痕之踪,2024-02-23 11:04:07,鹅
683259287,bili_13021235181,2024-06-15 13:50:02,
687565628,瓶子是御姐,2024-05-26 12:52:01,
688508256,bili_67291200050,2024-05-28 06:43:49,
688520737,狂魔龙哥,2024-08-24 18:04:35,
690267298,88088,2024-03-23 22:10:21,
690429404,木目三水勾,2024-07-20 23:05:04, . . 
691667555,白兰鸽漫游记,2024-03-21 01:17:07,O
693776915,马龙ye干了,2024-03-29 10:18:01,
694203610,小李飞刀的小可爱,2024-08-22 23:17:32,我忘记了所有悲剧，所见皆为奇迹。
695372236,中国玉帝,2024-03-17 06:25:51,邓老板
695999375,夕阳223344,2024-05-29 20:02:40,
696966663,还是泡了碗面,2024-02-29 11:45:24,
698024473,社会梁志超,2024-08-09 07:38:54,
701223000,糖糖啊呃呃,2024-04-10 02:10:28,
1009229087,纳达克,2024-06-29 19:55:54,
1013320908,黄子安同学,2024-04-05 22:57:58,
1017173932,暟殚,2024-06-27 01:35:22,
1017648330,这一辈子都不钓鱼,2024-05-04 04:23:44,
1031039785,bili_26178203337,2024-02-25 11:01:12,
1051002369,AceLad,2024-06-30 01:46:38,
1059946033,bili_16336691788,2024-08-05 22:34:18,
1060373912,znoyes,2024-06-29 11:11:14,
1071416245,-你会发芽ma,2024-06-13 01:43:30,
1071537991,xb1012,2024-08-16 23:36:48,
1073815624,bili_59267292877,2024-02-19 12:25:35,
1077033149,bili_88287553681,2024-06-17 00:02:38,
1080061547,bili_41965752159,2024-08-12 00:26:11,
1090576052,A--ICE,2024-02-27 14:23:39,
1095041147,456123we336,2024-04-12 23:56:00,
1101321797,bili_77371579304,2024-06-26 07:07:27,
1105091131,bili_60114406074,2024-07-24 23:16:38,
1113908541,bili_31483631044,2024-02-28 16:00:36,
1125572836,荣川俊健,2024-03-02 19:34:57,
1129504831,旧梦2655,2024-08-05 19:44:04,
1131459895,灏號淏,2024-06-07 00:22:30,
1135584969,bili_61915247512,2024-07-17 23:11:54,
1147971382,ZZQ2023法考必过,2024-02-20 15:49:59,
1152640048,体操老师,2024-06-12 23:23:49,
1163060367,bili_37441378110,2024-05-19 01:11:16,
1163749827,川崎沙希YYDS,2024-07-25 10:09:13,
1165514755,贰氧化龟,2024-02-26 15:45:48,
1166762623,芬兰赫尔辛基的极光,2024-08-22 21:45:57,
1169252999,八十八吖,2024-07-15 23:19:42,
1174047408,潘帅大在减肥,2024-04-30 18:38:40,
1174934003,metfora,2024-07-11 10:45:49,
1176179444,geniusmanzhi,2024-04-06 09:07:59,
1178283594,阿黄不是大会员,2024-03-07 13:07:26,
1183830400,浩帥,2024-06-01 23:58:22,
1193893720,袁姐弟,2024-07-18 10:53:41,
1198509657,好芬冰,2024-05-31 21:13:01,
1199341071,sagiri_1210,2024-06-15 09:39:20,
1203835555,cosmo9,2024-07-21 01:20:57,
1209101882,逢七过但是过不去,2024-08-18 15:34:44,
1217303636,萧棪,2024-06-25 00:51:25,
1219320268,喜羊羊大战诸葛亮,2024-06-22 09:46:27,
1222622021,bili_15006229737,2024-07-28 13:12:21,
1226662245,bili_17024370615,2024-07-29 12:52:31,
1227717681,是小穹呀_,2024-08-06 00:21:26,
1228408046,胖子高达,2024-07-25 12:57:22,
1230580600,LajiKing,2024-02-18 02:50:10,
1239260299,东皋叁,2024-04-04 18:39:11,
1240584761,bili_97158309995,2024-03-03 17:20:25,
1241999234,bili_13315623059,2024-04-20 12:37:40,
1246577611,bili_83476599261,2024-02-19 20:02:56,
1268095375,bili_29385377235,2024-05-07 13:57:46,
1270012454,缣華,2024-07-20 14:16:20,A man  like a watch  is to be valued by his manner of going.
1271087611,别给我律师函,2024-02-23 23:17:48,
1284374183,戚长,2024-08-09 03:09:10,
1286160952,Deliah-Chu,2024-06-21 02:01:33,
1293071327,步芃,2024-02-23 21:23:10,
1299718243,bili_50798409921,2024-08-13 04:48:37,
1317014406,我愛吃蘋果,2024-07-18 15:36:35,
1317232832,5阶豌豆拖鞋,2024-07-28 18:42:42,1940年四五月间，德军又向欧洲西部发动了大规模进攻，很快占领了包括法国在内的西欧和北欧许多国家，英国也遭到德军飞机的猛烈轰炸。
1322690108,bili_64508673957,2024-07-10 06:26:58,
1324350076,qiushiqin,2024-04-15 00:10:31,qiushiqin
1326895370,bili_89492400640,2024-03-05 22:05:53,
1328450440,bili_21736860933,2024-03-23 09:45:09,
1329532460,麻薯月光,2024-03-15 23:04:32,
1350022659,放开哪雪碧,2024-04-15 16:42:34,
1360343907,遒钢猪,2024-03-29 00:10:48,
1361507435,杜温鑫,2024-05-04 16:51:40,
1375881854,MeganFSS,2024-06-11 00:54:55,
1380654482,THE_R-,2024-06-04 13:41:38,
1381861977,蝶蛙仰自,2024-03-31 10:52:44,
1383385885,看见自己摸鱼,2024-03-15 21:15:21,
1383632259,bili_81936063549,2024-08-05 22:52:08,
1402815312,小毛毛鸟似的坐下,2024-03-18 21:08:58,
1410320456,日不起帝国,2024-07-20 15:43:09,
1412460127,不会飞的悟3,2024-04-06 23:00:32,
1415986197,连校少官上尉,2024-04-28 21:54:14,
1418510395,Dghvcq,2024-07-25 21:07:01,
1422318663,bili_19997417325,2024-02-16 18:12:30,
1429228231,leexlxl,2024-08-07 13:53:10,
1430972369,喜欢伱呀,2024-07-25 09:16:36,入目无她人，四下皆是你
1432382478,奥尔良啊啊啊,2024-02-21 08:40:15,
1438646092,老刘的爹,2024-07-11 13:28:09,
1447546703,无不吃,2024-02-15 01:04:58,
1447932948,HDFSC,2024-02-24 22:41:39,
1448243464,bili_14213609507,2024-07-05 21:18:49,
1450682270,abyyhhhb,2024-02-24 12:02:37,
1464918530,沈芙困,2024-08-02 03:47:58,
1466975235,bili_16247487455,2024-08-29 23:45:04,
1472601938,sleepy啊,2024-03-09 23:19:03,
1478757917,bili_93136976052,2024-06-21 00:16:29,
1489795809,你看起来很好吃吗的,2024-03-19 17:35:16,
1496704757,狂喝水,2024-07-27 21:16:14,美国黑手党党员
1497575199,都不及你春秋两不沾愿,2024-05-18 23:33:53,
1518337626,bili_93752940961,2024-03-24 16:51:31,
1527063551,笙晟A,2024-07-19 18:55:48,
1528433521,寂恒之蛟,2024-02-27 21:11:37,
1530020299,頭魚兒,2024-05-25 10:31:36,生活以痛吻我，我却报之以歌
1531172044,小vvv小v,2024-08-09 11:25:43,
1534173282,bili_86338151391,2024-05-03 22:01:33,
1535470821,覆水难收我的梦,2024-03-19 09:55:52,
1538627263,天天方法f,2024-08-10 13:04:33,
1545819589,勿忘初心260,2024-03-13 15:00:36,
1549317708,徏步,2024-04-28 00:52:46,
1549834396,bili_15472491367,2024-04-07 21:54:58,
1565119807,Mikalbrighs,2024-02-22 15:35:18,
1566320555,bili_57666640353,2024-04-08 12:39:49,
1568046848,bili_73184620367,2024-06-29 18:20:22,
1568409342,温柔即是失望,2024-03-31 13:33:25,
1577754988,bili_13950771847,2024-05-12 21:14:18,
1578227141,到一梦,2024-08-29 10:59:17,
1578358360,哇小玄子666,2024-03-23 22:05:53,
1589933077,您说的都超对,2024-08-07 12:45:48,
1592642947,HerrZhi,2024-03-15 23:44:46,
1595728252,bili_82105754269,2024-07-23 08:36:29,
1595950629,开朗的网友瓜瓜,2024-06-18 23:58:37,886～
1597075534,bili_4355707951,2024-06-29 18:42:52,
1597354801,贺晟阳,2024-08-06 22:09:23,
1599603320,柒贰wu,2024-08-09 23:26:05,Lonely.
1600655044,未名木草,2024-08-21 14:24:24,
1602998968,必胜刻ki,2024-06-08 19:38:36,
1604245564,bili_42838224131,2024-06-11 13:50:34,
1605166844,777恰饭,2024-04-02 20:34:51,我很神秘…
1607152138,狼尾男孩,2024-09-05 16:07:30,
1610155397,会不会bbbbbb,2024-02-15 22:54:43,老吳走時，行星飯像炸了一樣，又是哭又是鬧又是罵，也有人不相信凡凡的離去；鹿晗走時，行星飯變了，冷靜了  
1614714632,仓储部校,2024-06-15 22:39:38,
1620539030,bili_93860225259,2024-03-02 09:28:38,
1624196377,凯峰来了,2024-08-15 09:59:59,
1629368510,BillyGraham,2024-04-25 02:18:01,
1632503106,自由飞翔的瘸腿乌龟,2024-02-26 16:58:14,
1644289605,hjb小鱼儿,2024-04-16 12:50:42,
1646554552,bili_1646554552,2024-07-15 19:16:10,
1664120634,踏着灰色的轨迹-,2024-07-28 23:00:53,
1668715389,炸鸡蛋蛋,2024-03-16 14:24:35,
1668747844,bili_92547403378,2024-02-16 00:50:50,
1672617235,bili_72653813756,2024-02-22 15:03:27,
1674476378,bili_39863280604,2024-04-29 23:50:46,
1677142172,TomHollandspider,2024-04-20 13:44:41,About games Marvel.NBAand basketball
1687702834,bili_79176121577,2024-02-22 23:07:36,新手上路 ，请大家多多关照 
1695740806,寒焱吖,2024-04-19 22:41:22,渲染时光成诗
1736128102,bili_75536229849,2024-05-03 00:14:24,
1739970388,bili_44098533021,2024-02-20 10:46:38,
1741062121,小黄-littleHuang,2024-07-28 09:55:15,
1746562096,bili_91890667241,2024-07-05 22:35:18,
1748840453,嚼不动的法棍面包,2024-07-01 21:29:11,
1751019758,孩er,2024-07-27 12:56:24,
1751328502,bili_33998023390,2024-02-24 23:09:40,
1754979148,bili_51206297657,2024-07-16 08:27:49,
1756269686,维也纳的铁狼,2024-08-04 23:33:16,一个普普通通的畜生
1761996238,阿李贝贝,2024-02-29 21:11:17,
1773176474,墨韵1437,2024-06-07 22:31:09,
1775158540,静好的背后是负重,2024-02-21 15:11:59,
1775521812,bili_84095722581,2024-04-05 20:10:59,
1779311731,再喷大点声我听不见,2024-02-19 12:59:03,
1782894252,bili_31123614781,2024-05-19 12:45:39,
1783357667,bili_64731447534,2024-08-01 22:00:56,
1793308695,bili_24722125773,2024-06-10 13:48:16,
1803333896,谢博耶夫,2024-05-25 10:23:12,
1806139875,Looks婚礼影像,2024-07-16 11:10:35,济南婚礼影视拍摄团队。V13370575323 全国可飞，欢迎咨询
1813633038,来了就到家,2024-06-02 11:52:53,
1817703023,葬爱冷少G,2024-02-14 14:38:58,
1817731328,幻塔浊心,2024-03-15 21:54:08,
1819639846,小小鑫泽,2024-02-29 07:44:51,
1822342014,bili_20869393837,2024-05-04 15:24:45,
1826091323,别啧我,2024-08-14 21:59:33,
1834156039,bili_66004375244,2024-06-15 07:00:24,
1836525060,国服最强韩信dd,2024-06-04 08:44:31,
1842918093,bili_58398832596,2024-02-22 15:28:53,
1849815189,Taoyi0626,2024-05-17 13:52:21,
1862587425,tx3456051,2024-04-09 06:17:59,
1874154695,bili_45929469685,2024-07-15 06:47:25,
1881605677,renzhe76,2024-02-22 20:00:00,
1887469131,BrianYee,2024-02-24 13:41:13,
1887681771,bili_97551637743,2024-05-06 04:32:59,
1887816523,呐啊o-O,2024-08-23 19:27:24,
1891556300,bili_98244777327,2024-03-11 00:28:47,
1892438927,晋剧名家,2024-04-09 09:00:54,
1905231192,bili_58854676450,2024-03-01 20:00:33,
1907558463,墹城,2024-07-15 21:17:04,
1907886800,bili_81578252820,2024-03-09 18:21:05,
1912987146,FISH-SIREN,2024-04-23 23:28:08,你原来还愿意?我主页！
1916868078,bili_74248593326,2024-06-22 19:22:10,
1926898962,感冒起名字piu,2024-07-26 15:51:51,
1928937220,官路红颜祸水,2024-02-29 00:12:33,
1932945943,女孩的肉体寄托,2024-06-29 17:37:59,
1938112305,永远守护翔太,2024-04-12 00:29:28,
1938310600,帕瓦西奇,2024-03-08 16:04:29,
1945256099,HEROMiracle,2024-05-21 20:39:00,No human is limited
1950733532,-Lyfn-,2024-03-03 23:35:34,
1956206894,EricKwokHF,2024-07-18 13:26:41,
1961210566,仙女超神了,2024-02-20 15:38:00,
1963486429,Baghven,2024-03-21 01:55:14,
1977637794,哈哈卡比,2024-02-28 19:56:16,
1990146756,28238892,2024-06-16 23:44:43,
1996575488,爱打屁宝宝,2024-07-28 21:44:25,
1999124295,bili_96109303401,2024-07-15 23:41:14,
2006358105,我不是妹子ikun,2024-02-26 14:01:12,
2009376972,bili_28708121880,2024-03-30 13:57:39,
2014285873,6585挥挥,2024-07-15 16:59:39,
2015122911,调皮的刀哥,2024-04-06 07:28:49,
2019506092,537625ffd,2024-08-08 18:06:01,
2020774654,bili_87705214828,2024-08-27 03:45:58,
2024021237,1米96正宗东北仔,2024-05-04 13:08:32,男高 星座：Lion 年份：2007.8.2 身份：一级运动员
2027273768,bili_80175944732,2024-07-17 00:10:29,
2033690055,bili_36003665092,2024-08-17 00:09:52,
2043973634,摆烂咸鱼包,2024-08-20 20:13:59,一切恐惧来自火力不足
2046374439,bili_48128092156,2024-06-25 23:04:48,
2046394297,eee不要,2024-03-04 00:00:15,
2047329114,bili_51754478142,2024-03-15 17:53:13,
2059658062,互联网冲浪一级选手,2024-08-21 17:56:22,ⓘ该用户封禁中
2065019753,bili_21274150998,2024-06-08 19:32:56,
2071949570,bili_34754393774,2024-03-03 02:27:24,
2076309374,君君小徒,2024-09-03 11:30:19,
2079506056,海V乐,2024-08-12 23:17:35,
2084571518,bili_53887027395,2024-08-03 01:31:40,
2085364865,李娅菲菲,2024-02-25 09:43:30,
2085723900,bili_57200639844,2024-07-29 08:30:26,
2089300296,bili_84612282307,2024-08-05 16:12:52,
2094736304,bili_37161377412,2024-08-21 09:56:58,
2099719685,CR400AFA-2108,2024-03-02 08:53:02,在南新长等你
2105240622,bili_66082984404,2024-03-28 23:23:14,
2111528831,哈哈哈嚯啦,2024-07-26 23:11:58,
2121570072,Jessi小苏,2024-02-21 10:42:02,
2123275965,我爱我家鸽鸽I,2024-06-14 21:35:53,
2127736087,bili_69937158061,2024-03-17 18:06:57,
2135166405,Camellia-森屿,2024-07-07 10:21:07,
2136153568,bili_57794536923,2024-05-02 19:25:19,
2137248488,总是没人呢,2024-04-08 09:40:04,
2140797898,鱼䮩,2024-03-26 14:27:26,
2143874568,ys-xm,2024-02-18 14:39:14,呵呵 
2144148426,放逐的本西,2024-08-29 18:02:43,
2144398362,帅气白日骑士,2024-08-14 03:58:44,
2146496986,bili_39892595401,2024-03-05 21:18:37,
2147392198,erb突变骷髅,2024-04-04 14:53:16,
3461564648654926,bili_89604982135,2024-02-24 08:50:38,
3461565072279585,奶油的丝滑布丁,2024-08-20 22:55:54,
3461566001318203,bili_19645183641,2024-02-25 12:36:33,
3461570189330554,小鬼就爱摸鱼,2024-03-31 11:37:10,
3461571263073061,bili_78073565017,2024-07-17 14:03:05,
3461572070476619,14岁天才野,2024-02-16 17:19:50,1w2玄策 1w1镜 7000分老虎.巅峰最高2147分. 感谢大家的支持.
3461574717081715,bili_41494018597,2024-03-07 19:48:50,
3461575633537760,bili_17503541385,2024-04-14 13:35:40,
3461578234006240,bili_21416266112,2024-02-29 21:44:06,
3461578426943879,bili_10396451345,2024-08-28 21:55:40,
3461579790092366,bili_23222420734,2024-08-30 09:18:10,
3461580224203027,bili_57148194876,2024-04-05 19:18:41,
3461580240980393,LY980930,2024-04-06 17:12:52,
3461580618467564,bili_86822794537,2024-04-06 21:40:53,
3461583028095492,bili_10004312713,2024-02-19 23:20:17,
3493077792590296,你紫熙想想,2024-08-28 15:05:12,
3493082110626698,埋藏在月亮里的温柔o,2024-06-19 22:57:01,
3493085742893303,账号已注销,2024-05-20 07:55:01,
3493087179442855,小刘1205,2024-02-27 20:17:17,
3493089790396634,bili_89827367864,2024-06-10 16:54:27,
3493093175200741,bili_51411973662,2024-07-20 03:39:53,
3493094068586808,蔡周替,2024-04-07 08:03:03,
3493107721046367,bili_77557961460,2024-03-15 23:00:12,
3493109881112624,温州地区,2024-02-25 06:19:41,七都岛
3493113307859349,Austereal_与风,2024-06-29 12:21:53,
3493113570003603,你好好想太美,2024-04-23 01:10:20,
3493115314834079,bili_16735883907,2024-07-31 13:26:33,
3493117957245655,bili_52028610582,2024-05-04 15:38:48,
3493120717097595,问不完的问题,2024-03-11 12:23:30,新up求三连
3493121616775593,甄昕悦,2024-06-16 02:24:59,
3493122239630140,辣椒的浪漫,2024-03-19 20:02:29,
3493122275281402,1997999日,2024-03-19 12:36:09,
3493124158524112,bili_49566421999,2024-05-24 00:01:44,
3493125613947269,八方旅人2,2024-04-16 00:48:09,
3493126486362454,清华嘉明,2024-07-01 05:33:10,自强不息，厚德载物。
3493127448954932,天穹游戏解说,2024-04-02 22:46:24,
3493132052203687,你将永不独行,2024-04-06 20:05:54,
3493133132237249,纹身抽烟社会女,2024-08-30 23:19:41,
3493133258066236,bili_62392952999,2024-08-10 16:22:37,
3493138746313203,雷神じ,2024-03-13 19:47:11,
3493139947981314,bili_35671700636,2024-06-06 13:03:24,
3493258923608866,Heikolego,2024-02-21 17:59:17,
3493259315775652,Y国父,2024-03-01 23:26:53,
3493261092063956,bili_50434217633,2024-05-24 00:46:54,
3493261400344729,hateke,2024-07-13 22:26:06,
3493261593283037,bili_79826950173,2024-05-20 00:58:04,
3493262583139154,bili_42976764773,2024-05-19 23:52:12,
3493265236035803,音雪峰,2024-06-18 23:23:42,
3493268585188294,bili_68157719933,2024-05-04 13:55:50,
3493268687948082,跑步爱好者37,2024-04-14 00:13:44,
3493270174829046,每天必看爱德华,2024-08-22 17:17:03,
3493274180389806,bili_81481035610,2024-06-08 10:18:33,
3493274681608591,太阳神の落慕,2024-03-24 20:42:10,
3493284366256364,bili_94906760582,2024-02-15 00:22:57,
3493288212433417,Lcqiao_,2024-04-04 21:24:20,
3493291800660791,爱吃炸鸡的淞崽,2024-03-02 06:10:45,喜欢交朋友
3493295716043583,吾乃欧皇卡罗尔,2024-08-11 21:24:01,
3493297404250363,bili_74701063435,2024-05-05 15:20:26,
3493297915955455,bili_22604426291,2024-09-04 13:56:02,
3493298001938506,wang先生__,2024-03-23 15:02:58,哈哈哈哈哈哈哈哈
3493298320705681,琳娜花花,2024-02-29 05:35:12,
3494352651290713,bili_59782672098,2024-05-18 16:59:52,
3494352907143218,bili_91456487603,2024-07-02 16:52:03,
3494353047652852,风好大Jack,2024-06-04 11:07:12,
3494354234640977,bili_71169128247,2024-03-03 10:29:21,
3494354998004088,bili_29039290099,2024-07-22 00:36:41,
3494359548823957,围棋之神铁匠,2024-07-09 16:01:21,
3494361151047949,bili_26751547193,2024-06-26 23:03:48,
3494362195430103,马拉松跑王,2024-08-23 12:13:25,对未来充满希望
3494363516635716,bili_69861775509,2024-04-14 14:45:26,
3494364596668888,bili_12613884154,2024-05-02 00:01:53,
3494364959475776,ddddtttt0523,2024-06-03 12:42:20,
3494366882564264,鲨鱼哦哦哦,2024-07-03 23:40:43,
3494369466255617,bili_60100790424,2024-08-31 01:45:48,
3494369587890404,有点逼事直接发疯,2024-03-27 22:18:00,
3494369717914283,bili_45830349342,2024-06-03 00:38:28,
3494370613397646,蹺裡蛙,2024-07-01 01:02:37,謝謝你的關註
3494371473230590,bili_33439018917,2024-07-21 15:42:22,
3494371557116375,随砜而逝,2024-09-02 12:43:45,第37届中国化学奥林匹克全国初赛二等奖
3494371628419724,Fran_usami,2024-05-25 22:23:31,黑月/伏八洁癖 东卍杂食 伏见猿比古激推 大号@Francesgio 画加：FranZ 红薯：Tetsuek_ lof：Fran_
3494372815407107,K4usVPcsdesucids,2024-02-24 15:57:43,B站现在天天屏蔽评论，大把回复在自己视角看得见但其实在别人视角是看不见的，一群用户对这机制手段还一无所知真666！
3494373719280177,bili_16166822997,2024-08-10 09:32:20,
3494373784292161,来自瑞宸的猎人,2024-03-25 23:03:37,
3494373840914919,bili_36221053919,2024-05-02 12:27:44,
3494374151293155,12345676540972,2024-07-25 00:10:40,
3494374686067069,鸡n实z是t美,2024-09-06 23:32:04,
3494376676264369,bili_38824599944,2024-06-06 01:13:44,
3494376940505649,bili_49784328107,2024-03-22 11:23:07,
3494379633249022,bili_96349351737,2024-08-19 22:13:36,
3494380050581691,bili_67260350158,2024-04-06 14:04:10,
3494380964940672,纪春雨,2024-08-01 17:49:49,
3537105384901046,修复杰斐逊,2024-09-05 23:34:32,
3537110095104440,bili_36334757179,2024-03-15 19:52:49,
3537111074474067,烂番茄酱汁,2024-08-24 11:09:08,
3537111225469558,烟瘾女高中生,2024-02-16 17:16:42,等假期会把日常抽烟动态补回来的
3537112437623050,bili_41898636155,2024-05-04 14:49:22,
3537113146460742,杨一诺哥哥,2024-08-07 15:46:26,
3537116145387882,小医馨,2024-02-24 10:09:55,
3537118028630327,bili_79647119020,2024-08-01 17:40:53,
3537118907337531,bili_3537118907337531,2024-08-01 20:26:24,
3537119821695904,bili_93881716144,2024-03-17 12:25:02,
3537120903825726,滕哈赫的光头,2024-03-03 21:09:10,
3537124838082796,bili_57634511846,2024-07-16 14:44:58,
3537124861151276,泰勒爱李玉,2024-08-17 14:52:04,
3537125171530294,MC_qqwqr,2024-06-28 22:52:18,
3546375048399454,bili_63013814521,2024-07-25 16:21:15,
3546381578930500,bili-a051,2024-03-27 18:34:28,一个人......
3546389634091877,bili_94029955117,2024-07-20 11:23:24,
3546391160818500,bili_28792932964,2024-03-14 21:28:11,
3546392840636937,铜陵高启盛,2024-03-11 23:29:43,
3546393276844878,bili_95033363133,2024-07-11 03:57:31,
3546554346506298,bili_85746600009,2024-02-24 23:56:25,喜欢日漫
3546554581388102,bili_23253919032,2024-05-06 08:42:01,
3546555130841215,凡尘勉,2024-05-30 10:17:41,
3546555250379186,bili_60946904868,2024-02-17 19:16:04,
3546555392985898,黑米周1,2024-08-19 00:43:57,一切成功都要靠自己的努力去争取，机会需要把握，也需要创造！
3546556626111104,bili_50937269500,2024-02-15 00:02:51,
3546557852945309,决胜马儿,2024-04-13 11:13:46,
3546562787543122,bili_70813381894,2024-04-21 08:03:22,
3546566658886418,bili_82862444920,2024-03-10 13:17:55,
3546566688246316,Mao_ice,2024-08-28 12:54:27,
3546567036373399,黑黑的肺,2024-03-18 21:51:57,重度吸烟恋物癖 吸烟迷恋 smoking fetish 喜欢女性吸烟 兴奋欲望 喜欢黑肺 喜欢女性吸烟 相同圈子的人请私信
3546569513109827,我吃无骨鸡爪一个,2024-05-05 21:03:46,
3546569594899352,Terminator2024,2024-02-15 03:05:19,
3546574395279587,不要管不要問,2024-08-15 13:45:32,
3546577308224195,bili_68271076505,2024-02-28 09:44:16,
3546577425664643,bili_12341162718,2024-03-02 14:26:52,
3546579187272574,bili_65131498504,2024-05-05 17:05:54,
3546579789154434,泥垢6,2024-05-02 10:13:24,
3546579839486892,bili_61367004261,2024-05-04 16:23:51,
3546583069100695,目的地安菲尔德,2024-08-02 00:25:13,永不独行
3546585289984934,bili_91510137626,2024-03-04 15:21:07,
3546590115530918,bili_38493160027,2024-03-01 20:49:53,
3546592315443447,bili_80189276669,2024-06-18 01:45:40,
3546594118994393,bili_88664409039,2024-06-23 12:45:59,
3546594613921878,starwberryswe,2024-08-22 20:40:58,
3546595268233978,bili_46583997301,2024-02-29 14:52:11,
3546596104997605,小小B视频,2024-02-18 10:06:28,
3546598852266843,bili_99057134168,2024-05-05 23:06:33,
3546599418497994,xyk071219,2024-08-08 00:33:09,
3546604109826085,bili_80995629652,2024-05-11 13:06:36,
3546605439421130,bili_95682565489,2024-07-28 00:07:02,
3546608092318095,Yiiiiiiiooooooo,2024-02-15 09:53:28,
3546608480291383,bili_49511414311,2024-04-07 23:42:42,
3546608601926478,bili_67675253958,2024-08-10 20:37:13,
3546608784378426,弩tfdj,2024-04-16 17:46:56,
3546608924887411,杰坑距,2024-03-22 13:36:00,
3546610696980567,你卡了叽叽叽kill,2024-07-18 11:21:57,
3546610871044725,00点001,2024-04-14 02:03:40,
3546612055935788,bili_70844643840,2024-03-16 17:42:05,
3546613565884866,寻她梦娜,2024-07-03 15:32:57,
3546613616217046,账号已注销,2024-06-20 17:20:42,
3546614964684886,bili_59657047017,2024-05-31 11:15:12,
3546617405770394,余生不纠结,2024-03-04 19:34:04,
3546617965710303,bili_80122809736,2024-02-14 16:29:41,
3546621019162723,bili_32256918472,2024-06-10 00:47:07,
3546622761896422,688佳磊,2024-02-19 19:12:06,
3546623716101041,15号有篮,2024-08-31 08:33:27,
3546624462686491,是polo吹雪,2024-08-09 23:50:29,
3546627922987911,bili_54854230668,2024-05-13 18:47:39,
3546629900602102,zxcjl1010,2024-04-11 11:28:52,
3546630122899798,bili_74887184210,2024-05-27 22:12:32,
3546632180206516,封A22,2024-08-11 22:44:28,
3546635789404456,bili_17236302801,2024-08-29 15:17:34,
3546637077055549,墨梅奇异果,2024-05-17 22:15:36,
3546637410503265,bili_85054164224,2024-02-28 01:45:04,
3546637689423875,bili_24361585070,2024-04-26 19:09:00,
3546641101490609,bili_77684451941,2024-05-24 17:39:10,
3546642777115556,bili_26206063439,2024-09-01 13:47:50,
3546644429671301,bili_17844830823,2024-08-21 22:06:54,
3546646944156235,bili_48870394737,2024-05-18 07:37:28,
3546647015459044,不吃洋葱小鱼,2024-08-08 11:21:33,
3546647862708341,bili_37326381637,2024-07-27 22:56:48,
3546649752242609,bili_19178667172,2024-03-26 19:40:56,
3546650064718018,bili_63325673633,2024-07-01 21:51:00,
3546653080422854,bili_19773536516,2024-07-17 12:06:42,
3546655336958505,bili_60292296074,2024-03-31 08:19:00,
3546656368757273,bili_53711295474,2024-04-09 20:25:28,
3546657090177436,bili_34894825501,2024-04-03 17:00:50,
3546658746927112,bili_89150322430,2024-04-14 19:35:30,
3546663243221475,bili_89487438502,2024-05-19 00:30:27,
3546663515850824,bili_56672423690,2024-08-05 18:26:46,
3546664446987157,bili_81594569432,2024-08-18 11:36:24,
3546664461667190,航仔仔111,2024-05-01 02:54:27,
3546665870953088,鸟语花香ys,2024-07-29 20:33:29,喜欢做有趣的事，幼稚的心灵
3546665940158966,__嗯嗯嗯--,2024-07-04 13:51:56,
3546666183428441,Min1P,2024-04-27 01:37:03,
3546666300868979,bili_88165864743,2024-06-01 00:21:37,
3546666594470862,bili_29373940592,2024-06-08 15:43:32,
3546666716105563,蜂豹,2024-04-19 20:23:34,
3546671449376802,suki258,2024-04-27 16:59:01,
3546673198401979,bili_64264856361,2024-06-20 13:55:13,
3546673242442230,账号已注销,2024-08-28 20:18:10,
3546674012097426,bili_33504356632,2024-06-01 15:23:03,
3546674806918007,bili_47552001150,2024-07-25 16:58:26,
3546678000880330,北国大将军小书生,2024-06-07 17:32:26,
3546681182259732,果断的呆瓜,2024-05-15 00:56:12,
3546681779948322,bili_17728611488,2024-09-03 14:08:53,
3546685277997650,shallhao,2024-06-29 16:25:38,
3546686410459545,东阳首富我叫小小酷,2024-05-21 00:21:45,
3546689252101066,bili_44820493332,2024-07-15 22:43:23,
3546692030826671,bili_82881172416,2024-06-22 18:15:40,
3546692745955927,bili_42792354100,2024-06-06 13:14:17,
3546697751857420,bili_50257719803,2024-06-18 10:20:40,
3546698490055115,bili_20940927113,2024-06-13 21:32:02,
3546699356179001,DZSmt,2024-07-18 22:22:21,
3546699555407940,河中的鱼和虾,2024-08-02 17:41:16,
3546700805310697,程哥玩游戏的,2024-06-12 04:09:17,
3546700857740213,北玄lover,2024-06-14 00:32:54,
3546701155535185,bili_94889479084,2024-06-12 02:25:46,
3546702598376043,bili_29268133092,2024-06-22 17:24:41,
3546702648707507,bili_18056128050,2024-07-09 17:15:06,
3546702671776450,账号已注销,2024-06-15 09:10:28,
3546702824868574,bili_80862666742,2024-06-14 18:13:18,
3546703741324251,bili_35538382128,2024-08-01 07:11:58,
3546703942650052,bili_25266071917,2024-06-16 08:34:49,
3546706266295092,lilsquidy,2024-06-19 17:11:11,
3546707677677649,appleCyg,2024-07-27 01:10:05,
3546708113886012,试着想象,2024-07-27 16:00:32,
3546708417973017,bili_32048369296,2024-06-22 19:46:20,
3546712064919559,bili_77104742699,2024-06-27 16:08:53,
3546712522099050,bili_53708494289,2024-09-02 02:58:19,
3546714371787361,bili_42475248200,2024-07-31 18:39:26,
3546716112423807,何欢_为欢几何,2024-07-18 07:37:12,We live in a twilight world and there are no friends at dusk.
3546719354620022,账号已注销,2024-07-08 18:16:44,
3546721546143746,bili_32516117615,2024-07-25 14:01:54,
3546721676167206,bili_61771139295,2024-07-29 03:55:43,
3546723582478884,bili_93430959459,2024-08-06 14:54:28,
3546724452797109,雨鱼糖,2024-08-15 15:25:05,
3546727246203438,bili_41507919165,2024-07-20 06:46:11,
3546728636614722,bili_24964878060,2024-07-22 09:33:30,
3546729827797239,bili_60694541351,2024-07-30 06:40:26,
3546731773954735,bili_24614818519,2024-08-03 20:55:28,
3546732990302620,bili_30016714637,2024-07-28 17:53:13,
3546733560727735,bili_31317086814,2024-08-23 16:03:10,
3546733996936144,bili_52710314558,2024-07-30 10:04:15,
3546736347843209,bili_81044353086,2024-09-04 05:19:11,囊中羞澀  不敢唐突佳人
3546740762347730,bili_22575908468,2024-08-10 01:38:57,
3546741733329601,bili_45385431066,2024-08-11 17:03:22,
3546742391834883,bili_48879157707,2024-08-12 18:30:58,
3546744006642309,bili_12036016603,2024-08-23 23:45:21,
3546744105207901,bili_92994898906,2024-08-18 10:53:21,
3546744723868166,bili_46692199900,2024-09-01 14:16:57,
3546750709140236,永远相信庞博文,2024-09-05 22:21:58,
3546751092918392,bili_73073884542,2024-08-26 13:04:47,
3546751501863015,bili_41723329631,2024-08-27 00:35:39,
3546751619303743,bili_46529055720,2024-08-27 12:00:42,
3546752177146155,bili_17282699379,2024-09-06 10:42:11,
3546756541319602,bili_15030370564,2024-09-04 23:20:28,
